scheme_code,one_month_return,three_month_return,six_month_return,one_year_return,three_year_return
125497,2.10,6.20,9.50,17.80,21.40
119551,1.95,5.80,8.90,16.50,20.10
120503,2.25,6.50,9.80,18.20,22.00
118632,2.40,6.75,10.10,19.00,23.25
119092,1.80,5.40,8.20,15.90,19.50
120841,2.05,6.00,9.10,17.20,20.80
100001,0.55,1.65,3.25,6.80,6.95
100002,0.75,2.15,4.40,7.95,8.50
100003,1.45,4.25,7.30,13.20,15.75
100004,2.85,8.20,13.50,24.10,27.60