scheme_code,expense_ratio,plan_type
125497,1.05,Direct
119551,0.92,Direct
120503,1.08,Direct
118632,1.12,Direct
119092,0.95,Direct
120841,0.89,Direct
100001,0.2,Direct
100002,0.38,Direct
100003,0.75,Direct
100004,0.7,Direct
