scheme_code,one_month_return,three_month_return,six_month_return,one_year_return,three_year_return,expense_ratio
125497,2.1,6.2,9.5,17.8,21.4,1.05
119551,1.95,5.8,8.9,16.5,20.1,0.92
120503,2.25,6.5,9.8,18.2,22.0,1.08
118632,2.4,6.75,10.1,19.0,23.25,1.12
119092,1.8,5.4,8.2,15.9,19.5,0.95
120841,2.05,6.0,9.1,17.2,20.8,0.89
100001,0.55,1.65,3.25,6.8,6.95,0.2
100002,0.75,2.15,4.4,7.95,8.5,0.38
100003,1.45,4.25,7.3,13.2,15.75,0.75
100004,2.85,8.2,13.5,24.1,27.6,0.7
